"feature","mz","rt","sample","sample_rt","sample_intensity","__index_level_0__"
"1",63.54069900512695,3051.3808002196215,"mbr_test0",3052.0649999999996,3446686.421152343,0
"1",63.54069900512695,3051.3808002196215,"mbr_test1",3051.0387003294327,3446686.421152343,1
